Text,Cipher,IC
tzlqmcphejskpimqrbgtavjxhgmwqrhscxdvqancdwiqsgynynwwwi,Vigenere,0.03494060097833683
uatyqzjmkrzomxzoldfejqwpmxzjpptofvmytwipinwrfjmjjnivvk,Vigenere,0.04262753319357093
awlxkebgoaeqlseyijtteakvsyxfdcunpaqaxcxarlxekldolf,Vigenere,0.045714285714285714
kngdgrkmkajrxzieitvroovsvajhwfzskrqkamooolvvpojrpwwewqizh,Vigenere,0.043859649122807015
whavzzxdarbcrsrmtwrfrmrwrfudmswradpimqnrdltkjmzhmnwadwx,Vigenere,0.06127946127946128
utbzxerkawrldyvuglvzruvtuknjyznlnwrpbnnysyqsrwgtdnbqo,Vigenere,0.04354136429608128
xlneyylcdkcyxqcjjjwswngmxcmcvfnlscxayuaywuvtojjjtslunqywm,Vigenere,0.05137844611528822
vmtxzflssnpfaqrbkhlcikrqydyaggjyxctmygebjvfacvibynlezhsb,Vigenere,0.031818181818181815
akfmtgdicxdejbxxafbmtbxxnxasntxizqthbhroqkvytzvuqbzd,Vigenere,0.04524886877828054
aidiihalbytptxifibfruqvxnueituzjuozsfgoaaxiucnbd,Vigenere,0.04698581560283688
ovhxdnqaeforrkpfjisxnhmyczcjwtujrbvxmjjeqrnntogneosnbgcf,Vigenere,0.03701298701298701
qcdifjitqavjstatuxuxnmmahnhgezidmkrjtkexphyzenziitllyah,Vigenere,0.03771043771043771
itlxczfcknmlvdwgeejzwnmxqiosnjztmtzajmavzgnzusmozexsaao,Vigenere,0.04511784511784512
qugvhqhqcjzvtxcbvxbmruxikmbnayflujahceldwrxlmgkznvuiegfm,Vigenere,0.033116883116883114
czpgxylkbnfsfalhyukchoxhspnrlqfpujlcaydodtpuhoorowhysfu,Vigenere,0.041750841750841754
slsrpibvbfruteehgnnrnpjymrnncildiybutushcyzeedqil,Vigenere,0.04081632653061224
wwgdhmfxllnujrynminmcobeurkpoodacvnipdtthnvqvzxxiuxqhv,Vigenere,0.03284416491963662
vstrzvufdqqqhbqfvrcttlelumuvbkfwvnbkfweealtyuephsbeelkbidb,Vigenere,0.047186932849364795
ujjnedrjnomswlksosyqufthigkdofmljcbgkdotcbbzlxvdwzlj,Vigenere,0.03469079939668175
lepbuvjkwtvidyrevbvilfnxkqqpjqvuesrkvxmhyiqlemlbv,Vigenere,0.0467687074829932
fyatftqejjqpxlttbfjjzxavwhoktqznvhzrcbbqkysuisrbcfkvyky,Vigenere,0.039057239057239054
enjdjkhybzjuaqvpbnwjdyprlhxsdeysgkviigkvnnbuvrcihrcuvq,Vigenere,0.0363382250174703
bsclnsdltocudfhuoactazliuuysqshhbicgnduyugwvxfovvgftg,Vigenere,0.04281567489114659
zijjmfxyqalfncebbvmlwxiyaqbqzngkdosfbdbhrezmfyqczrfxy,Vigenere,0.038461538461538464
golydajtkweipauxigfiesegtokztpmlpoiugeipnixeiphtsdvwirbtv,Vigenere,0.047619047619047616
ltqbagowzfjbytjskvjwetinxdwlhkuldbntbibgaatjkcyxgatvyv,Vigenere,0.04122990915443746
vjuayxywjcjgsnyduhqrpmcqfvxwycqhzeyhpqkvgujspvjhjct,Vigenere,0.04627450980392157
wjfvsedheopjndvyxlysnmoybzdsgqxsofgalibunfnzocxibqjrozo,Vigenere,0.03636363636363636
vajdmwmiovtpdywqjevizjkxbvvjevpeamhtvytirdnrkgvlcvtulro,Vigenere,0.04713804713804714
nzncvzhdzgryrpaoconiawmtqzuaamzuxtcjizlsvrdzmbdctsdoqzechy,Vigenere,0.043557168784029036
xxbwvxltvvpuausfzbwneznpdupcagargjypglbfodunctqvvmaqgxrtjal,Vigenere,0.037405026300409115
mmxmocgqzlgpppjzxeplsgxjozgloqijkpkhbdzynaqcmfjskhcgpt,Vigenere,0.0440251572327044
qzoinogyvuuapxwdrf,Vigenere,0.013071895424836602
owhltkwxjlykpmwkqhqogwptvsdcfzndcazuptohzwlbuzbcfukwwxuykt,Vigenere,0.04234724742891712
rwuoviugvinxgafmaciubapzivhntjkacfzickakcatzyvodzvi,Vigenere,0.04941176470588235
xsneriomgvvjlvxerjbosisiqcddwxldmjijpznqoeqacsqmdmeogzvm,Vigenere,0.04350649350649351
hfablhjohwsgusmaocrwvokslldkyeiwvgwaankxowuzqlzcmhzgod,Vigenere,0.03843466107617051
pgvriojlnxwfdswkckzhecjtrwmedxkgusihlbdeuqdfsdlgrmuudkxhp,Vigenere,0.03571428571428571
apxnzlhnudizvjzrhabgcyvotpradfhaztmrhaxhsvigzvhjpupl,Vigenere,0.0444947209653092
hazuimqlhcdvtjjhmkpbjzxqklgmjbpmvuchjwiliukxwfaopebdjksidvk,Vigenere,0.03915838690824079
qerbzkrcuqyomyuiekxdfvfukbhftxbuflfvqikmrseplkglvvaenz,Vigenere,0.03843466107617051
gmhfiskwmlysxhddsubfidkhxfrljvskjfvmkdlepwnhidbmyyvhydmyi,Vigenere,0.04949874686716792
qjrbkuqsbiafnkikcczvlimxvbektmmjesiuabtxynnqlh,Vigenere,0.035748792270531404
topnecvbqnyvktpyzsoxnhkeaodxkwpajujqkkzllgaodibvdpgvvsglvbq,Vigenere,0.03798947983635301
ztkictfxkgzlaoxoyjycowsyyfojkiowpceqrxyocapw,Vigenere,0.049682875264270614
wxjkwdxkzpjojqmhmuupasnrdtfcbcmywdjylgkjgzbwyqgkwzuxapm,Vigenere,0.03838383838383838
zxurtkuzyeghehajiqennudmiyjdesyerkerbkncnxmllvhqsijyzgatt,Vigenere,0.03696741854636591
rhljjdzmwkhnmhcvkvdnmxlcjhebzhikothiwnhbostgsctfiuomdhvzpj,Vigenere,0.04295220810647308
ptzhxusrbmperpipeuntrjipfazncxkkoduxflwiyseubaeihxzpnkb,Vigenere,0.03973063973063973
uqywusigpatjmauajpueishfzcyqbvcvbnfzjdolrrvopfjdgyodce,Vigenere,0.030747728860936407
zbkthswxvavvlvamxirylbrwlhamzswnlsmtndrnvjyarngs,Vigenere,0.04609929078014184
oknnxeqferwbonahxajwsdmouxlusuxzwbxtnceausyzgxmpvmwdp,Vigenere,0.03773584905660377
ycmvsbminzxdingrhjphsedoccqgjziqhayzmmqrajgphalamirgxcvx,Vigenere,0.03961038961038961
hijoubgsufafckjwronffmylugwfqfiamjpepwhbaqnrjjteqszsuldh,Vigenere,0.03636363636363636
zhcgtwmpkncveatmmqxsotffilatowmvewkkjxysrqjkclatotqcswnemp,Vigenere,0.03932244404113733
iraubcpkudkkanxstmgjvgylefcmkmkglqiopuaqzgupemoltjchanu,Vigenere,0.03636363636363636
ifuxyrkjrfgxbmvzlngfujjhxjgpqulkvhdzjwipmzdsjvvu,Vigenere,0.041666666666666664
gukislcihciypeveswcvrokuqqrhltrzvjejwjtwixpechfsvgizpqdg,Vigenere,0.03701298701298701
zloiwjuqaklkumkhxrdhdxujqfqxodafujeyinbelfpkonnkhtbfviwm,Vigenere,0.03506493506493506
beryvtvxtayzimezclamzipokjatixlsexkyxmamsiemvtowtvaivvqi,Vigenere,0.053246753246753244
vwytwtqqdzirhuszcbsjxoumsimvhrrzhvkxkafzqtcahxyxhbiluk,Vigenere,0.0363382250174703
tmniflatxkivdpltehlolfqtnldldhagguazannovazqjganoledysnhaz,Vigenere,0.05202661826981246
tmlyrcebdbapelsminkexcqulmluoiykwzslezuupvybdrqbliljittt,Vigenere,0.04220779220779221
jdckqxaqniklmmrqppbjutczacxygqznbbpummffvibqnacumxoegs,Vigenere,0.037037037037037035
uscwgezdpibfkacjknxnxverlkagmjhqiofnzkuvwbajvzqgyehoce,Vigenere,0.029350104821802937
cnrusuuocejndrjykndqaeqrjuodnasrkxdaxrfvzgxrfxzqbrtjhg,Vigenere,0.045422781271837874
uyjlebcnnyyrzntnfpxsanjiqxslrxxctwccryfqjnxcjbumnyjsb,Vigenere,0.054426705370101594
vvsqbxmulcby,Vigenere,0.030303030303030304
pjtygaecsrjfpcegufkvbvtqjqgvusbtlyozevwrzylqzrtabuevifxnap,Vigenere,0.03508771929824561
dwugcsqwnidvgyrlejppchfyjcodtldlpomoocjsbeomiobrqunzmkp,Vigenere,0.03569023569023569
dundauslbrbqibuefrcdahfnijrhhubignupadfhvvxpaersrbba,Vigenere,0.05279034690799397
ukquokcmgdorikjshpoejmnxbueckgmfhfllcwmrdvrrmzvpgkcnkhjuqvoqcwm,Vigenere,0.0409626216077829
crcxdngfyooktuuiimkqqqghokcqerxkqikorytnxyudkswreeo,Vigenere,0.04941176470588235
elxjgatipvkdlgtdyzkpclsdtkrlgtpfihwpsvgdwpspgpkicpprs,Vigenere,0.0602322206095791
plncailndyzsgsibwsacjbgbohwjunhbqepscuvihddzwmgihswoppw,Vigenere,0.041750841750841754
frfqsjmaaurbdcqntdjkwfhuvwklesuhzhyhlfotemxfehipfwvs,Vigenere,0.03544494720965309
nmxwcknbueaxeazuyqmfongjefmqaxgouftrsznizeayckzviqekywtpk,Vigenere,0.03634085213032581
ryysgujqcybqdsqflcjbbjbqtjywmulyljxydmyjeydacygqachl,Vigenere,0.06561085972850679
fqujdfslzmtwcclrtmzzyiavdnspwhhpxaftzcchsirivsjxaamjrm,Vigenere,0.03773584905660377
ukqskjtjepqcfrcevjkykgdzycdxboxlcwddezpekigooixduoavlrbyt,Vigenere,0.03634085213032581
tuqrqdhiskjnppozrnirpdobwnnwvboljlyrqx,Vigenere,0.03840682788051209
irynsbgvuaugkzebigeyzbwagnnpwutggagbtgqiogjrsuhfloggjr,Vigenere,0.06079664570230608
btkyqmhbbnyenwxycsqmkyfsvwahcxzwdpuuxozonddwsthabfeollwkyl,Vigenere,0.03569267997580157
xiawvkptfuwsnjkfxqzmbitbgovlmibpdxeyqvhpiteeuwefautedrv,Vigenere,0.03434343434343434
xadyrfoyzfeserugwsssvborqhivhzdcpvkqzqpjfilvpphiv,Vigenere,0.03741496598639456
ujbdykiwvkemyfqvefpkhzufkuarcacoeoxtodcvtlksvzyjvjtzqtvs,Vigenere,0.03831168831168831
rooacvvqgjiiuwszvjaivlofsvfdwrkmrscuiusxepsvxuvclrfusscu,Vigenere,0.05584415584415584
chcbhictgrlypsusupchyhkpfaqadcaicrlybtcogzopsgktwgfwv,Vigenere,0.04354136429608128
vomtadednzxegitumvrqudjuzvomtnuhzixefohkxopskefzlryoohk,Vigenere,0.039057239057239054
ezwdbcvknpdwwuoxsrkcxbjpubhkhmwuralzpdetaztuvzgpctlgrsfmysythuofqmv,Vigenere,0.031207598371777476
yjvkzbsnatgtvsrumcnpouegsxdqnmjpjhgugxdekiitdbscqmzii,Vigenere,0.03265602322206096
umfveqaxgndppbzsufriwqqtkkosnfmbrqztebdjgchbrqtuegtbrjmdyg,Vigenere,0.03569267997580157
ivglsvmdbimijhkgekobmijywntyhkofgeogtjexmpledafwho,Vigenere,0.03836734693877551
phqevfcyaoicaxdyoffxqapvqvzezuigogifikjoflwjrunchseqzag,Vigenere,0.037037037037037035
vksqngonmrweyeoinufzmeurvtokbokaywdwxaxzilgvdgprcuxnephmpri,Vigenere,0.032144944476914086
trkdamkfzvhuuoqgldmjzvrqscnjpbesxuuileqmbngjrkrvygyjdb,Vigenere,0.031446540880503145
qihluobuakphlohduucgdkpkqzvpdrbmhxfoaapjrrxmzodgtjrsqy,Vigenere,0.0363382250174703
kmiuyfpxycpghwdyzxnggmakjcwrubysvkdvltwdjcoyugyzbdufvfsglyyc,Vigenere,0.04293785310734463
vfwbgvtwofvncprqtjvmfhzwopsuwzqrkjdjvgzulwvcfjyzprsagrnmt,Vigenere,0.040726817042606514
svvjcxlberrxqblwwztmlkghrsyjwfzdbvtmheokaulnvbdwhvmfycou,Vigenere,0.032467532467532464
pifplynagazgqlejvemfhoirqnzelenameleahxfynvdpevfmsmovao,Vigenere,0.04915824915824916
qjubkhaaqwdlzdtwrnpxvexryqqfzycxxxqvlckaexcbqkvjwcmk,Vigenere,0.0444947209653092
hdkyafkgechkstmgyjmdulgudqoclmrlzrmdgpxsijncmfgbpgregud,Vigenere,0.04242424242424243
ktiblbathdybgvuwjhsmlzfjsvpodqeotlpuguyefhedheobqnijvc,Vigenere,0.03214535290006988
tfxighyqcwhamirvkiyrabilxtpjpuaefxiolzkwzejapzxyxwppuvtzbsx,Vigenere,0.0385739333722969
jwqdidppacaiqdbhbghwrfqhlzqhwfadjdcuhvmrleqbyxsgnjho,Vigenere,0.04072398190045249
ekddhefuyewwstbxfndkxzfobexjsxxhrexwlwajjcbdgwlgyecimjpu,Vigenere,0.04285714285714286
wnzgscqruxqjdcmgrczfihdjoemlkuxbztkuyabdcwzcwhokd,Vigenere,0.034013605442176874
gsvywgloxnvopcjokciwrpznmsfnwaxcxxnrivemzrecxmgavksakr,Vigenere,0.04122990915443746
gsjzycpolugwjzyvrnfuymcsltxyegwtufnddyzhpgdvzmxpyfxrxws,Vigenere,0.03973063973063973
dqfdwadkpxkhogvofqmwjcqulzyutwofgelbknnqkvvjwiqnnekiv,Vigenere,0.038461538461538464
jminrinehlfkcitpnaobukvobcadfgtookjizbsydiyfblvdsxfdaypsu,Vigenere,0.03508771929824561
zckemrkamytfmynrkoclaxzgcrinzjhbfmourtqfmoijaibrkzwk,Vigenere,0.042232277526395176
uzxdnsiq,Vigenere,0.0
wixeyifzbnmnvygxvzinmcopuibofoibopcrrnbpwoofqrgnrelhcbeefzp,Vigenere,0.04734073641145529
uedwwzhciudrtejcjeqdezejsowspdjvfdhddlwmuxhpwppjoshesp,Vigenere,0.05870020964360587
hobwddktlvnrrsapflglwmzywpfstgxckzrrsnywacrwibaezbsiskbyyp,Vigenere,0.03871748336358137
oytbrutidrkaieoynekdrpxroadeaeykaityoavayyjxrvkkyoblvehngo,Vigenere,0.05807622504537205
cnnuahcgmhpyjmkutofgqowpqdzqlaadvawwkhbedbdsqxxphzjddwmmw,Vigenere,0.03884711779448621
ytxczwxtkmaorrueuqtpjsmedaumtfqrarhhnbw,Vigenere,0.03508771929824561
udhozxawcmqsszdcddtcwpybnmghuwdtuumshoajyewjgunujyoiwumxpf,Vigenere,0.043557168784029036
hzoyblokkzzasypxakkzyslmejonlinztmrjejvzkbzlkgnvbnoa,Vigenere,0.05279034690799397
ymcdvwcmevdlogcqpbcnibrijxjoqmugiczmwsuhuiqwzwucajt,Vigenere,0.04
cszzvpkypncelfgveeysrtbcryivbcxeswaazzbsjsjvrognjjf,Vigenere,0.042352941176470586
baenaxxlwtbtgcgmlzdxqbsrahaowebmhcdxrtnylapphikzijfts,Vigenere,0.033381712626995644
kdlktdnnpxtnbsunotmgthdcyrteemywqyntmdkvxcbetxpqljnkujvta,Vigenere,0.046992481203007516
hcgxnerrhcwnduvwgpzadcncpgxrsagzzswgtpicpgatcrhtwgdb,Vigenere,0.05580693815987934
txhfakqvcujrenmlacthairmeuoksytcubchorqxrdevborwjwmlzsidx,Vigenere,0.03132832080200501
azioziiwhvhztkspchbulixnzxdxuviuclkwrckxvfbazekeljmfsow,Vigenere,0.03771043771043771
jucgyfjzqpmsfhuhvgzwdjxjjdkvcsmuejlvdydsjpopkdfdkisdfovi,Vigenere,0.05
vcvagnhfjuhjdqubqgqbkulpjolgzjdgjvuydykrugoyzbwydf,Vigenere,0.04653061224489796
xoemkxqjaeneptetfdvmdfdjnidaiftntalpuwmppuwmppucwmdpag,Vigenere,0.0517120894479385
ygkcypatpwpzlknfogfsahjdojushdkqtcdegueziqivrwcpnqvcj,Vigenere,0.029753265602322207
xehahxijujttaomrvbpctnxxnuujgntghapqneaeiinafeaqltyexydix,Vigenere,0.04949874686716792
mtvsvynsqximrlrwngiqfxxnnajzhxxgrmutsqjtclqdwspjwmpib,Vigenere,0.038461538461538464
cfxczmjouuklvsuxatvtjqogtdqpskmfjtatxitqaydueeyamue,Vigenere,0.042352941176470586
weggovbrxqeldaydkbuzipjupszqlmtvjcecsmayzbpuzpovvb,Vigenere,0.03346938775510204
tktgbntssappdgpykghstjftpctuuttetytfpqovvddeqlnmadlsbdb,Vigenere,0.05858585858585859
yfogxboppgeizpovbxqxcommuvgruojpistxjivrystbgzrzxpkcloj,Vigenere,0.04377104377104377
ziectzxolggocrtypforuoownzpceiugfcdsfuxckdechgsymwgsidxkt,Vigenere,0.041979949874686714
rvlshlzxiiqmyljeemeenliajpqmzncwuzivbhbjfwushqcatp,Vigenere,0.03428571428571429
ylkezglwvemvzabrlaymlrnazblmvtyvvplwaqqgavoobronkdnofijeux,Vigenere,0.04295220810647308
xomlzhavwtvmjuufmxaavxiwmkbazozmiigxvlsqkramjgimbqpxny,Vigenere,0.045422781271837874
xcwwxccolrhcriurmkhlyrdipdchzhduavhtloyiqgymhyrbsuefavhlj,Vigenere,0.042606516290726815
nidwsexqdzjpetvlmpfsydjzohrahsbtbofwcpbxtfworardnwpggwrrov,Vigenere,0.03569267997580157
itayfedjcitfojrnfxpkrojvzinhjjsrzavdwmynfnsysclryhqngyhjmp,Vigenere,0.03932244404113733
izqfkequnlhvooyuqumoycqhyrxuqoqpeujnzscqkjdjaamimdxyutnrd,Vigenere,0.043233082706766915
nowhzmrhmbvhyrziywmwwhzmfzcpspawgvnxlsyinzrhhusdnnjw,Vigenere,0.05128205128205128
npsyddipzvseoquxrxpdeyvytjhweculfrqfkditfjhgbtoimmytaht,Vigenere,0.030976430976430977
ywnfvgbaueqdnljbqhjgocwhakkkimhqplbjvtgywhuw,Vigenere,0.03488372093023256
tlpqhzawzmobawxzoopecsrihmddvwaxpskdtwtqzdlxpqfrupoclvpsdd,Vigenere,0.04295220810647308
sbbrrzezescjcwcoctianxjaijayjwmpwlsdhdasceezekm,Vigenere,0.045328399629972246
sysqgffgaswuulfqpgbshsryfsemmadhgrcuftqtphndjsitbhwu,Vigenere,0.04751131221719457
cadqsxliorivgmzetcrdjaozvhjrzkfpovasaaoqxklakaqcqs,Vigenere,0.045714285714285714
qmgevwpivgwjnqsqsbnvhfigrpzwryuigreprwvmyhqfsrvwawagxprh,Vigenere,0.05
agqwdemfpmxhtpzwggszhqgndmugohx,Vigenere,0.047311827956989246
growywpuxbxpwkhgzdnvpfphgjnzbcvlsakmqgrcslokyvxdvl,Vigenere,0.0326530612244898
msdmtcznkhbbsmsvxmscrtmooetcmmaetpeevsmkobwexchjgpwtlxsvzs,Vigenere,0.05565638233514821
dlwjfzpsdramigvqgynoyzmevcxuvjbbhvimtzbudrlwdkbullzayucygzx,Vigenere,0.034482758620689655
ssqdchiyqbxnwellxeensqeonsoelneeqbifrdlkaolepsldwtpura,Vigenere,0.05450733752620545
ulkorhaoyxulejtqkpnjuldcikvbnxqcvfklunnwhsvmhrmhhnlukoajluwt,Vigenere,0.04350282485875706
hznfemyiwbkcxj,Vigenere,0.0
zpvdzmd,Vigenere,0.09523809523809523
blifcsyhkepwytgotdnuxikqjdnbxslbeufdkhofggyefwshajhbejb,Vigenere,0.03636363636363636
tgilbkgehjtctlalylevwlpxuspaeyjgidetrhpunhbjatcamcjesrvereo,Vigenere,0.04324956165984804
azlgxdnejxkudfivtudesbludmqyqqlpqydthormggrmtzgvdteahpsbyw,Vigenere,0.034482758620689655
bkhthckkwcybwqkrsvwbbjiztberalciexorvixdebjxkrsxzdruyzrjirl,Vigenere,0.046756282875511396
sszklnahcmbpheuldqoismblxkslvtaewmsrnpkxbcjwliazdjhc,Vigenere,0.03544494720965309
mzkeveelvjhtgerwntlfcptzshwubghetduzgnawgiagyalseugvnmeoagz,Vigenere,0.046756282875511396
nvsiavgniwedmq,Vigenere,0.03296703296703297
kjdrcorbeewqzbmhdnzwxbzoruyspukxulzhsqelfvincmlhcpaopcs,Vigenere,0.030976430976430977
dqlbtrofhdjyxhtvabkjkexhtubttbrsxgbaoxmqvnxztbrkwcywwig,Vigenere,0.04040404040404041
tromqtutofzsklpsrpknoyytfrrdoxltqzuwogzerxtijxvtvfuxogmslp,Vigenere,0.04597701149425287
arqqfyuiubwpyvcxyqjskqmpgtnlxtlmmktqlamijlvmlducarafuwww,Vigenere,0.04090909090909091
geovgxagfkffmsosfftiwqigkwefywkfdggiqmvtoqorksefbwvlxnaw,Vigenere,0.05454545454545454
qjuyqkstpuhsfyrxknpiuhbbrtclfllpmznxoybyaxombgollfxrjzxao,Vigenere,0.03759398496240601
oagnngldtxovxribkhjyxfecbmgcyvxoguzklucbktrptuyqoiwuzyje,Vigenere,0.032467532467532464
rzdofzvjafrveeptrdnajkbxsfmyyubjgyxxfazikjkgskgmsbznr,Vigenere,0.038461538461538464
efvjdvikqukmiyfzdctjovljzpufvhkjfbxfjsbuitbwwudgwuihptbtwt,Vigenere,0.044162129461584994
qpzloyvslufsriljoyrebufcxspufsriljzyxjvfeyjeluabynhfpgmuo,Vigenere,0.043233082706766915
ifhqqmrcycpbyuqcduucoyuqpvqmfhctignmdnukjlmkqczmr,Vigenere,0.05187074829931973
ntwmsgzexnxhywkychtcrdyxblkwrcadldsyfctdtnytvlmovyyrtldpme,Vigenere,0.047186932849364795
muxdugsahaeguuhtpgdoreugdihpbhlngpfvcywsrjldegnnfejze,Vigenere,0.04281567489114659
fqmkgrvyllgupukruatfwsgbrmfzbbvuqarmlpicheshkjsqirgeetnska,Vigenere,0.036297640653357534
oijehktzhlweowxeizglwmaiawxdshopadgdzvzgahcilzfbpowuct,Vigenere,0.041928721174004195
eielbmcizscapmgxxufdjtqbnxehxkjruyemilcfeencgwihngghgq,Vigenere,0.04053109713487072
ohrwfzhdgzkcrtjxfgujkogjlltmpksgapgkzazuaivfxmjfpepntts,Vigenere,0.03838383838383838
qoenwmmdvmsyedzvnfttyoctzraisrbqpdepihyoqyohgwcwkylzapi,Vigenere,0.03367003367003367
hkzfovjexajgvqshmvtjiixenrwurovukuqpvzrnhdsowakqjiztrjwe,Vigenere,0.03766233766233766
layrgcnjryzzjbsykxjvzhhajlysjvoyynzryslaoyyuobzwvfpha,Vigenere,0.059506531204644414
eocmjctquobz,Vigenere,0.030303030303030304
hyrfdjgkelkgsepokwokqpuccknkdxhfshudisgiligyrdrhjvef,Vigenere,0.04147812971342383
hynaolyvtphguatuupjepexlhvrgfaaaekszhnjxhtdloyoofvk,Vigenere,0.04156862745098039
pomajbuekwindhpzyqylqyvsgnceyrqzbhuxdhfnxqnwgbuckwdxjxni,Vigenere,0.033116883116883114
hgqshshrtcotgnopsmokslrthcypxzvyqoibkbxkjhasuzxntgugrwhc,Vigenere,0.04025974025974026
sbjuqvmfvnizcdrllfaniymjghwuqnwpoigddjwpfkmymwmsnbyfbjgh,Vigenere,0.03636363636363636
oexyygygymcmhtxsvmkiyxwosynxmwcopgxgxyrzcxvkiziakwgx,Vigenere,0.06259426847662142
qnscpjwlyguzloseizfgmnuqvrouoiukxjiajdmxwnudhojpyonaapuaxb,Vigenere,0.03690260133091349
synnuljaiyvunpymujuutykeifqjeysxwuveujfhtxajcdukwbodajny,Vigenere,0.0512987012987013
thwoqluesshspgqvfonhpbjzhwnkxhojcuuhvoshttqxhlbiuuxdkssefpk,Vigenere,0.04792518994739918
naqyorwptykfmqtmhjnnpvbfoaqblrzamdxrqysrfldacdlsakq,Vigenere,0.0392156862745098
yrzwdyuvabaxvsnstxhcpvggwfqhhnixeqctdhaesbjc,Vigenere,0.03171247357293869
jspwklxcfelmioolphkxierrsghstwdujflsqovnelkmadoym,Vigenere,0.034013605442176874
oapeylurzhdiyhnosiuyvwxkobfhpphugtkizumfqbcsxwtfmu,Vigenere,0.03183673469387755
hgqnrnosedusgyrqodogkkyuzgybnlxiyzkhqpnbnbkomuokrhrvlbu,Vigenere,0.04713804713804714
sxrdclepangrbpctangizktiwjdcrtduancsdjyukqphphaunnbcpqxbevw,Vigenere,0.037405026300409115
wfbbnydjaiwuakvhfsxcssynzwlihcmlamnyjihvqlbwimsrhuvsmbcy,Vigenere,0.04155844155844156
zayxmwmwmmhclbmkforciknzrrsmfwrufxesxhjtatxxqengynrxmwtclx,Vigenere,0.047186932849364795
lxpgzdllurtpwcilvowsmwtjahyuwgdlhllbzdiypmnwajxdozektjeolap,Vigenere,0.04266510812390415
ascdtfrzqpqfojjeenlrocgqavszehojchfqjucvimyiuxzytbkiihbrkbjgl,Vigenere,0.03169398907103825
ekyimjaxeqmjwjppmjvyojjlvtsnjjmjauwtafolapjoxjvyqmwwjbqsiehi,Vigenere,0.06384180790960452
nhswssajgrlmkwntrlugrsqegzxsthewwonfcrayglvcxkiuerqegzxcnpcmhz,Vigenere,0.03807509254362771
mnwtdidigpfnrqsllpdxmmrelfyqqaorageixemtumrjzcbkpijbmqcrxknykn,Vigenere,0.03648863035430989
vfzscywlpucrfhwzqlouyjxbfbzerzqrurkdwalboyigrosrifvjpleqfcvogz,Vigenere,0.03913273400317292
lttkubgtwkmkxemanuknmfteztdbrtimsknmgtrjwepyucrtcosdnfaz,Vigenere,0.046753246753246755
slobqgjxrczcehjyywhidttkrejnttsxncvwftheslibacuigxvhfwyijlnntt,Vigenere,0.03913273400317292
ursiqvrdjoxrvvezfnxzknpljdrzfsclmebocoghwomzsqkflhsntekwsdcocog,Vigenere,0.03635432667690732
sxivlserkyjraakbgjgecpfcyycayoqxdopqgemnlycojqadrevbaxbjpgynw,Vigenere,0.03989071038251366
ghtetiaqrbfrtmlaxneslkbpspkghtgfxwhhgidpepaggghtowalgnzpggpmfwhie,Vigenere,0.05576923076923077
qpttxftzlpnvlufmkosgvmiwzydutoegctgpblpamlnamzzffdhqklfxhesjx,Vigenere,0.03551912568306011
ljjagtxcpvdueaazehxkakcdsoasvqhjzbvohqaycjtmhhfogdozgbab,Vigenere,0.04350649350649351
oprvaqgmhdoitvemgndozqfrkexfhnkfqqxqxyioknrnkzbkosnkornqk,Vigenere,0.05388471177944862
hpmubnlvhwacxiqgzpmxckueuxkarvxwszrrxfhyutuxkagtexlgeewbexvcnesqvn,Vigenere,0.04242424242424243
pfpmoldjlansenriunonnfyeeufuheoiyfzlrfdilxaugihsesihihlfbayzficl,Vigenere,0.052083333333333336
fezpxekjfepohtoopjiritbaozjevzwmusjmtlgbmuooccvonbpokhorkxtvbkh,Vigenere,0.04608294930875576
bjwwjnqipqhgzbumipdgymnuenizogylfiizwtxmvhxntssobljzkmobyrmsqz,Vigenere,0.03648863035430989
vmsapyzpqobyszfezhgeykeuuesgrtegtppggwbmkrnltfcgrhskiksxejvisxivol,Vigenere,0.0386946386946387
tobgcriglhzdwdivltdrxpttazgdlyvdlwpdwmmwhjtqdcapsrngjnvzzaxbnca,Vigenere,0.04198668714797747
bsurteffmoonnhmrlevaxhnnegipozusihmdfcopxguzmxvcznplzuzvfq,Vigenere,0.03932244404113733
bfwkbdltqvtlwlaeritvopcuetleyvhsrtkiefxjupkgsbbtuejorikyley,Vigenere,0.04266510812390415
humloxnzpjccysmmclasgmyzlaxfsayvvsxhqjlepaqnrjxmjlwwsjmmclwipf,Vigenere,0.04706504494976203
jcrtunppchnwnkuhyxfyqzdjxmzxlylbdgnepujshnqfufwjrihnnrbuyacgutw,Vigenere,0.04045058883768561
ywtzydbfirtrdmbqlplebcpxwizfodanwridlsnkbuenoxryzgqbtswumtgduuj,Vigenere,0.03481822836661547
giyvmjcjmdqhumdydgqevfrtvvhvqtfbkrrxadccutqqbkgtemochilwtjhg,Vigenere,0.04124293785310734
isnnuechqltydpryzychtjreisujuepuolnsfrbigsfytgrqffqnxvxwigwftoo,Vigenere,0.03635432667690732
phqxlppiwoftfapucfwzmurwtzeokyfahbslwiixnxhghawsbypbqmwlrfzs,Vigenere,0.03898305084745763
nwlyawitrszjzbnzkqynfeehawybrkapzzjjlmvoegdhpvzkmykhpzzaedrsp,Vigenere,0.04316939890710383
oekkgnisdasdfisdpvgmctxalcuwnnlmvemixvxcqtjkyxqimrdoevtmw,Vigenere,0.03634085213032581
letbtkppjplupmrsxettntyutvpqhlgzaiwnabijckqvpabvhiepxvuiphacran,Vigenere,0.045570916538658475
jjjxfmtltxlmyswkcgqstfcwjfxcpgwzisgukceyysbryuwdiucwetdhltyrfme,Vigenere,0.0409626216077829
vdogdgjouhfqkozegbbprmxspnbvivdnzjrvgwuvrjhogpfdrvpbhbkvdofxj,Vigenere,0.04918032786885246
ieaiewtpkbbbubejmapqaruklxudufxddpsadloajhblzabaxpdkkltekhtlxo,Vigenere,0.05129561078794289
tryvbktfhnajrzgmbeipaeeaxcyckwxwggotsveacxtunapflirqcwllovxga,Vigenere,0.03551912568306011
fobbfexglorehcwcxuorhoyglomczdnrefpehommrmbdrsfqpfrqoaiykereh,Vigenere,0.05027322404371585
wevkyfqxdneasxyyewargkvlfepgzfeciefuasmykdijjywhtjvjxzwva,Vigenere,0.041353383458646614
uwjaatrntlabrfhoejkgkbzhwwukbphdxajytdpqktifdpaerfwqjwkjqtidnyyuo,Vigenere,0.04038461538461539
lecgogldhcejlnorylvsfvhmnbwcxtfxrjignlxrybloskqginwfxawnrewfrybd,Vigenere,0.03968253968253968
luqdfjxlsstegjoupuzsltwucgqogabmttypbqfttsgshfpjwseiinyveu,Vigenere,0.041742286751361164
wuujenklxvbafxarcnelxlrdpfaxsjmwetgkphxhxlvoanxerulxfmlmonekvxva,Vigenere,0.05109126984126984
pcvzbbjpddjlbweuqvzetrogpbqsjpbkbzkuqsinfavzbjkvvfjku,Vigenere,0.050072568940493466
utcaeypriaunjfwtqxyppwysomuntejpksqptfujkcuzzezlgiyowzrifgqps,Vigenere,0.03879781420765027
dznqqgzygbkuxxqwmqemhpgvbktoeiqplnbkikfbrnoumutyzmvubjiofoe,Vigenere,0.03798947983635301
cujqabggquobukndrbmszilbvjbdlcpnshzdceffmxlusprwyucyiebhbcmuwy,Vigenere,0.03860391327340032
ztlqlqjkejgzjqeyfpncuzwqtubgdranvlggmjkmvuyulyvqnkddjaskkyfp,Vigenere,0.04067796610169491
dyhuajkynoueniicaysfrjyjkbqjrdbhourtcceqjxvlqbdvregkxhb,Vigenere,0.037037037037037035
earnnerbnadmgdxpudyjvgnoonogdagksvrilbwucipcvfjnpargdqgvmyrxxgklx,Vigenere,0.04326923076923077
hzncpdzfybqzhrybdmmdwznfmqdljmicilfvcidajtlqcwdyleduylygknfcdq,Vigenere,0.048651507139079855
zklhkglzvnrehiroyrqohowqlywbqphluppxhrozqpkuqmbsllwzpvokvbqqoggz,Vigenere,0.053075396825396824
wvhoivgceijoserqnyyxubgpspzfqkdxxjxomdtxwfpjhdjdtxafgukbzkf,Vigenere,0.03331385154880187
xpnezxfxyxijvxqvinlqzkjgqlbkzwkdwhnrpwbntcndlhwjotwplvhcfcaaosi,Vigenere,0.03533026113671275
lfgndysdarrtkrukmvepkofejsacbcdiyepojpdsmfftmlfnicffvhydujew,Vigenere,0.03898305084745763
lldnawpdltgixmwxvrhclifntggtgdkiccdrqtgiuchximpxgvmltkteesrgnwhxae,Vigenere,0.046620046620046623
jtghzujmvzrehmtejgpacvszoctlrtnyyhurldgsxqmircfebftoczfsgwoc,Vigenere,0.03559322033898305
oxzzcxscbwkgtirnydoncinxsndjawmuvlrjuwecxhsnoanhoiqcbsulroyyarny,Vigenere,0.04117063492063492
aqmxrfyijzyxamqjsinzyyuyfamyvzbovyvigejkvnfamjgbtznmrzhdzxnqtzy,Vigenere,0.05069124423963134
gxirdonujndksnuuuftbjqqqzdictsinrnqfqaujpxhuqwpovcxaqynatca,Vigenere,0.046756282875511396
rlkbnugpidbclcwrrepcvalknzbbozugqxnrnobelbfzzrlajdjrxhz,Vigenere,0.046464646464646465
umdfmrmrxnmoaesqzttycmxhqwzmcyyjauivnmkehbwrirztgaytznvwgf,Vigenere,0.03871748336358137
eyqntoimcdajeyhgmcdixsmhgxbqwcgfqsxcokwcqbuwmydnqmdeuczewfyrqjlap,Vigenere,0.038461538461538464
mxifyhahgpizpvfouvvsmtajatapipjuvawjlsvizjamnhkyultsfehclqlpp,Vigenere,0.04426229508196721
knvbfayccykicfpv,Vigenere,0.058333333333333334
kyzxpjhrchkuphemjcmuqzrdhlhwnppzlsshqlnqtssmpggczhritqi,Vigenere,0.04579124579124579
mogakpzgujsrvyumrvymmsisuxnmcylkjpzufrosgkumqpeovffrov,Vigenere,0.04612159329140461
qakvcinmqiqimqxyrtcaylehdwhextaexeulywjdaekfeolwkuuvhrtyd,Vigenere,0.040100250626566414
wbczobtweberxytgdomxzbamyvllnywsxcsycjtppvzeyximnwsj,Vigenere,0.0392156862745098
qyjqynigymnlzrltjqcuddgrdrjoyawoobmldvkxoczrlhztjbsbdgq,Vigenere,0.03973063973063973
gcnglgppoqfwnyjcmxcmykclueuejzkkhnwbordgkkdmcklpgbzazzy,Vigenere,0.04242424242424243
vnomtytpmyh,Vigenere,0.05454545454545454
ziutjrewosqahsniyteewbysziuqdcuwkjdsdssesfddeuhfuvhgkcdjus,Vigenere,0.05263157894736842
xqiqbbysyrfatysjfwugdulwiiyflilbyyouipfjsmgusjfbkvamis,Vigenere,0.05101327742837177
ppaoqyeoehbsejwwlcbxiptdrhslkpkldurkpwzhbchcnbzvxhsvxsxi,Vigenere,0.03831168831168831
bbzyyxcndauhkmnlmeyvstljktdbipaexovuqmedoyiqbdery,Vigenere,0.03571428571428571
dbyywfnledasdvxiqxwkbgzmxzbroasitxljbozjcfccirlpedwoddv,Vigenere,0.03569023569023569
rdrknqotcyziulwcpaqppfnbnkhkpfckgcuvwevrwhrvcsduu,Vigenere,0.039965986394557826
ulpggropcdnmkqqbrgfdrzkgealmvzobutpnqagoobrqyqqagtelppnvovnp,Vigenere,0.04858757062146893
bnzqauymlcxztxnxypuvngwlnnypydnlzudjyqinxkjyiwlshofsbi,Vigenere,0.04472396925227114
somlzzaonwbzvrcvaajcypkewojkxdsrughzroghgfxyhhwfwoqrkp,Vigenere,0.03563941299790356
uiwcqxnvpboyocuiwglryibnovtdnhcybezmsvtrqfmrdvxsfrhjergi,Vigenere,0.031818181818181815
gipuheirxmybmgmkqykddgslhrlalsplynrzfonadsjnrbmdsrmthm,Vigenere,0.041928721174004195
pfpmxznwxvseveyeopibwonrlydivobulmkekvitrjavrokvtecoagv,Vigenere,0.041750841750841754
zrhidsbafggdfapptxxnzzmggiagllmlaylviavxtxkyqldmxtlkm,Vigenere,0.04934687953555878
itopupthoyfsmpsgzhdtgotdgfsmgugflpvaykfvlwombwsejobymj,Vigenere,0.04262753319357093
dpqfvjwrettxsyiwkbqxz,Vigenere,0.01904761904761905
tjfcymcikahnflirciejwejsryxbmxhmrgupmofqpmkctmyhdywsctx,Vigenere,0.03838383838383838
xeclqqecjhiwnhnwzsjsmpdvsvstjncegtilubschopgdwpzowjloxyv,Vigenere,0.03636363636363636
nebesfrrtswgwectzmnihphciiczjswvexhvvgefbhicuwwnrfuevvrh,Vigenere,0.05
srgjvhzvyabyyszaiwxptkvowmfcyvedcoknvudokzffgasuzvetqzaku,Vigenere,0.03822055137844611
bsilbkpmgfsnrhnftenfvylddqswaddofvvazpcnhbkmqojtaxqmy,Vigenere,0.031204644412191583
ncbufafxgaxjuqkgudxmjhwquwijatdvywkltilkpjatmguqjbdzdc,Vigenere,0.039133473095737246
vrsodlswpqldshjhiahpipvywryfbwpqwsljatpxzlaykokepqqxfkx,Vigenere,0.04107744107744108
fulblxjrcsfuwdztaiyemfbmqfivevuhuxgqnzuuxfqyszhgctnsm,Vigenere,0.03701015965166909
tsxgrhmunwtiyrokxyvpltummxunklejnywbxmovenidklyirkojvoog,Vigenere,0.04025974025974026
egqdfxcnszdcrbsgjlihnqjnlvmnswidmrucxzneffpogzyfeyx,Vigenere,0.034509803921568626
povplnjqklajmojeakruiopglxveproolqlqsnrcwnywhzvwjxkfuvmz,Vigenere,0.03831168831168831
fkqepwrdxzclaiufa,Vigenere,0.014705882352941176
ctguyikjxohpbvvxgdhrkttuylzqrgbeutdlxqylkakahhpnssxwdhbv,Vigenere,0.03506493506493506
lfhxzwurwjofkpmkbwszkchnvnthdcxxrfgwmrgzafuectoepxtvvp,Vigenere,0.033542976939203356
tchbpgjiycghjwkvckixmtyzfcjatiqgrjnkvchgtrwvqodwjiyzp,Vigenere,0.041364296081277216
rsrxvyddrrfiairllpooiqezftvngrffjishptbijevmddjtpoygtvuchfye,Vigenere,0.04067796610169491
fgbjeppqlmwfkivkvbhxgktyjedqqazgcfaqzrcwucxwlxborvkv,Vigenere,0.032428355957767725
xwxafqymlvhenkcxcrvxajechvhmskjmgenhlqrabtcydzsxxqkrnugngl,Vigenere,0.038112522686025406
ibrrjhaltvypbbqcsvygxlighvegesblsbyfuufgqyjbflardnwyjor,Vigenere,0.04107744107744108
yhapdbosyrioirbnyzoqyslvytbuvnyzdmrvcjclzxqhxzxmtjmnctkniblo,Vigenere,0.0384180790960452
magbvbtghesipaztxlwuwkrpbabhrimwsrolxtzezntquwzbzujhxmbjxml,Vigenere,0.040911747516072475
wdptyhcajfjazycqtbmseaemzdlhtlhipgompqucsacbzzerrzwwwpvkuvd,Vigenere,0.03389830508474576
fadnmymrhleohebydkqocezbafdkyvnlainlbhvdauihbbspelvxau,Vigenere,0.04122990915443746
lhhrwzbbtrwjoiefbohhdghgzwoennrxbymczgyamchlirezbmybgjefhf,Vigenere,0.04839685420447671
pcvwdeyaziepbvzkcccyjvvowypzbuzqobcvebycszgvmryllfkjuroy,Vigenere,0.04935064935064935
lsogfdwzajpgmcysrfhxqpbwqqoksbxwjrhebqcyopprwprdvtapvrrsc,Vigenere,0.041353383458646614
layogljlpjxsvanoxozuomoadkpoi,Vigenere,0.059113300492610835
xjjtxekvnlajurnjdysqrhxeemnvqmbxovmykwnanirursnzyd,Vigenere,0.04163265306122449
bgnpjpgetrpgqdgrcexojmnqhwzfkzpxedspqixmktwftgjyyqvfyzcxjr,Vigenere,0.03750756200846945
colyslvwxbtrihceqvtbmljdgnzqdsjgdfpgokjvfczgonjkjpqafvo,Vigenere,0.03367003367003367
zeaoyhyckhyurxzvcjdkfmrdnvdvsyfuuvobjbbknsqggfjqoxrvxbknd,Vigenere,0.03822055137844611
muoqpvmykueurkffrkkitdgclvj,Vigenere,0.037037037037037035
htxypyxsskldbaylwprlubaxfzkzswknxxqrlyvnauemfcvqk,Vigenere,0.03741496598639456
tbnffepfaxadipwhouwdirbmlywaauxbugdwkvfxwnlwokqfagdw,Vigenere,0.04751131221719457
jghsgzqlxhrwutqfuporkipartiukrutfekvjtdcgifnovtwutzfpjuao,Vigenere,0.041353383458646614
qxnmeekjvrcokabkfamocvdjngwdzuylhgxgdhgscqpdjiddjig,Vigenere,0.03686274509803922
jvaibxvahbyllazbpdptkpgbdhrqcbmvxeyfpumxarvpibmpaltxldz,Vigenere,0.04713804713804714
fsliajtzchcrgmohyxjsucauxhfoypfootsdihoqftlsyxvfeorobrsh,Vigenere,0.046103896103896105
gmycalyvvevhbgdgyhvyjjlktisehrvsiarqqonveburtyh,Vigenere,0.04440333024976873
tjnehepgvqixddckpdkrrdfaquyuewdjgbvxpxzhjtxyvhgamyj,Vigenere,0.03607843137254902
jplfxjzeqeaimxhtepoyiiiktnidtedpdhuupyksqlaibkitlxrq,Vigenere,0.0444947209653092
gfcylalngdgjjklblvtfojxwhudrgqwnvyhewzchtsnmlakuoxcd,Vigenere,0.032428355957767725
hewhzxccesyxxazpj,Vigenere,0.051470588235294115
mrmooihelkvtugblntshyrxxwhyteltanarbswcakgdtblxtddyk,Vigenere,0.0392156862745098
ajeqeixawzgvfqdjpolcouyfqfeddeahgtqklurqtofuzsdo,Vigenere,0.0398936170212766
rykhkqxykcefsykoukllbkdxwnlrdmwqfhgusussgmouiwsfwy,Vigenere,0.04653061224489796
lhronkghyrxvnhjlpwvnremrxfuloaemuoqfmvspjlbgijgkwpwrfhkvt,Vigenere,0.03634085213032581
iydovftpkvxckvutngqvuvnldkljpqpegvtcpjodmcapwjoyzv,Vigenere,0.044897959183673466
ohhnqemotydrlqixzwlqnxdxziejntwhdsdwsrjqcqphibhxs,Vigenere,0.04336734693877551
wputgnqumiktecobutypcwqmqwtfwiagnmcymjqucijmivkavkijkh,Vigenere,0.045422781271837874
pwomsbfhdoulqmkjopaetxgpxpfkcsupmzwxbuxpfxgpnwuvwdpxzumrdy,Vigenere,0.04779189352692075
fvakwxdweoxnxcvmflrntqwjnbctvoajvxwxdilnxxmbihxpfrwjnwdvvtk,Vigenere,0.05201636469900643
rhdkvltszhvenoxlklwgvffangdyppxtjfgmjfoghqqsrgtimtmgoqqs,Vigenere,0.03766233766233766
aygborkawohbvhevdlhrgrrhfuoevaacrjgrxpxtncvmegkkbvbra,Vigenere,0.05079825834542816
iltybwtaduwlilifebrxqrnouekipyqxinlkverfygwxmwhlizefdms,Vigenere,0.03838383838383838
ogugdhvvocatrofhuuzwimwvwyflgowssfifewbptgwexsdtzrszyjgl,Vigenere,0.04025974025974026
pvyklmnavbvcosjpdinvbhgeomqkxlldllvkprzgwzraqmvtj,Vigenere,0.03741496598639456
tuiwntzdttuyxvintxvrrydfpgeoaxmjhtfliypsxhrdtagpdbicbgifi,Vigenere,0.043233082706766915
jcwjwiqfoplorpqeutfmbwombpiqouomtxheqpixhsemipdgbr,Vigenere,0.044081632653061226
hpznhfpbbglubdxnzkawwmvhdvqboczwezzivwvfaqvpadyxlgqmjg,Vigenere,0.03843466107617051
xnfqzkaqgesjeiijkshcepryteibiwvtctotgimfclarxnesakwvwfuorp,Vigenere,0.03327283726557774
lunvzwoakbpbpysbqankgickxiyperphyicdhgrgijrxjxdtdupdqlkvbrkbt,Vigenere,0.0366120218579235
udrqzxzbikjklgvgjjepdcgzacqwpkvewxsonkviilphriacgviyr,Vigenere,0.036284470246734396
mgyeodxdpbrhensxt,Vigenere,0.022058823529411766
mfihqgayofybtuiauptwbnpfzdvmnbihqmkmozdyinukuaqxphdksu,Vigenere,0.03843466107617051
vgfkhsedjijmcdgqttekkgcobnp,Vigenere,0.03133903133903134
vyfrgblahvxaophcvyfggonhgdfnqgndgebvajcicxjngxbkyfvlf,Vigenere,0.050072568940493466
dycvqkzhzacewijyoczvyxovmqdaucrhmztkcnirlmycmyeuwyzccaf,Vigenere,0.050505050505050504
qlbudlyizslshwylykzaeijjvasrxaxraxsbwppobmocvlhckyqyka,Vigenere,0.039133473095737246
vcszauumhobhynauumhobykodugcabwjontdvrafkcnzflxojvht,Vigenere,0.0392156862745098
ikdeoiigvoaqdvoadefpgjbuvmtsbnlhbybshgrbfigntusqvwyin,Vigenere,0.03773584905660377
qrjbctpfryzvokmzrywvkruyxnzwvezuchmtgfyrqvlweyngbsxzgwlz,Vigenere,0.04025974025974026
qpflqscgnbxcfrxfxhwjcenxmwinwxlyfwaphgnjazkjtf,Vigenere,0.04251207729468599
gjyyztjaygvoutoldevkdazjidsuzsrdsmtuywitmfjgxxvurfnvvsvxee,Vigenere,0.041742286751361164
chsnysdhdmququggavzqufmcokasdxnojgfnbbjplmkkevwoozlcx,Vigenere,0.030478955007256895
kltxwgwqqngtszqqgzbosgicwthidcdxidcexeztnidvscxfkukzis,Vigenere,0.04612159329140461
hxfkownvfrbovmjxruzhawbuivatfheyvbghtkadyafvokkxyukaeivqj,Vigenere,0.042606516290726815
akmntgymqhnpgzfyjhfxhyciiohhkyunplbagwxzzdnmzjsvzhihodip,Vigenere,0.04220779220779221
ucqhsvrnifmpmmitgewjsjusyvdkszymirxdcqxksmiiwnydhjuqninuezilscoxjk,Vigenere,0.041025641025641026
ozybnnhdvhyerlksblifvtskzajepqkvzfxhcrkcwulvjgnowuihpgz,Vigenere,0.02962962962962963
cnmopicngdrfsdwzkthmpwawryejcfelicsawcbcpkxnw,Vigenere,0.04040404040404041
zuzlviojvigllhrdabhhujbfdlrcaldsrhgfmxcqeiigziclchujb,Vigenere,0.04716981132075472
igldgeqlggdtjitrfstdzukapougrxqzewuzexehxxitmatxgpqgln,Vigenere,0.047519217330538085
eczrmuomxbcbhxpqksxdxblmoizlrzjfiwmqkbjfueumckzbjbqkan,Vigenere,0.04262753319357093
pgjjjinhsejekknyczivoqaxhuccqayebfxrwayetfxr,Vigenere,0.03276955602536998
uuhxvxiadwxxkgvzoxsxwehukdfsplxpqfpctwgliwyafindlipp,Vigenere,0.04600301659125189
nhcwhkgudeddkrpjvlhcebcskrzciqcegelpjrukjuwfxnerhmppjvkvn,Vigenere,0.043233082706766915
yeayjwykycigwumjzwobqbixmhxlbanmdxzukhluykvqmgjjfygotht,Vigenere,0.037037037037037035
tixihmdmhlwsispwgvpjbaxtjinxdbsepauvclwwtlecumxxgwwrhxjirc,Vigenere,0.043557168784029036
gzrmmshwqkvqawgvaafwtzejgsnnqgmcecj,Vigenere,0.04201680672268908
gafruvvlgxobnxnhqjycqckzuhhxzehpzgxgyvk,Vigenere,0.04048582995951417
vlxljhucpeaofcptfsecxrcsfrxbjwffbdsgnebsuvvaemyyrcsepmgffne,Vigenere,0.046171829339567504
pyjasbqhenbqgfwaerwdfogpoemssewinnwldpxviacwwfvxsvaofmwir,Vigenere,0.041979949874686714
bxyjfxyrahlfvaxghbzmxuujtajmuvxkenjgegupvfhajnuruxmjdwdz,Vigenere,0.047402597402597405
eomymhnqvuzfybgimfpypehmutuwqilqreqfbnffqcpwliybcbf,Vigenere,0.047058823529411764
azzahhzjrjchtxvxujocxwtzldwbcfzbglfrwgxgabpqilvsjwkfupxs,Vigenere,0.03831168831168831
coxrsc,Vigenere,0.06666666666666667
gzvagmiiovnfi,Vigenere,0.0641025641025641
crtdchwmtbrxzmjafevymycuuakycboygkutyzeucvtqufyr,Vigenere,0.047872340425531915
rrsdybybgpjhgiyqlngicufdgpdprmsppdykgicfblsppwfzaeyoysuf,Vigenere,0.04935064935064935
zamibpsrobaubgvlxhlbfiqlxpmixwotvxvfpsfvrjvqxrcfqqjbkxvpsa,Vigenere,0.04597701149425287
yfiritftsvigmvmmhrhxiy,Vigenere,0.06493506493506493
qffbtapdpzsmwrdzvbvualsbvmhztobsrnuymzhuunrzmhs,Vigenere,0.045328399629972246
rtbadnnjoqqgzewzknzzazdlaxpzukwufwydhealqpdzaqeyfpbex,Vigenere,0.04716981132075472
rtnjqmltuyvkmmmnlqezvyvudrttte,Vigenere,0.059770114942528735
eblibgppmzbyfrlmpmcmdtfpmiteeczaymvovllyjbjnvlowkys,Vigenere,0.04392156862745098
nqmqlhozuhrqzilivfmzexocb,Vigenere,0.03666666666666667
kuylzfdvzojlmlknfvuyypoovnvjrjhzpyktpnl,Vigenere,0.05128205128205128
oxppahpgpgmhmvpmqqqsvxkzpubrqzubehcdquqfjklunfomwatllm,Vigenere,0.04262753319357093
afjagkyartkmkvuvspejrqmncxyuyiajwfvnvijkzdstenwfdesf,Vigenere,0.03695324283559578
wjwxofhlqzbldhhrevlciycgwsvkbmjhoqnziqwdhupovbwljhcxbaepmxb,Vigenere,0.03798947983635301
njyutivsrytmmpgbqkhfzmvkzqchgpqtgmdkgvircqyrowqhpnbvrsn,Vigenere,0.03838383838383838
mjccymkbjxwvyjcreknkrqsrbbxcxeygasfiipbkmiygpbstcdun,Vigenere,0.04072398190045249
lqtupypkfotpdveoaurbgkmhglkexfkxjktawoqnrnnmphidsjl,Vigenere,0.03137254901960784
ouifxezltrtrmltwgxnlpoocumdsbrmppgnpzlfprxnltwliumqbx,Vigenere,0.04644412191582003
anzbmmuilkcqqzzpxnpaupawxnlemkchhgtwmkndwvpjsaiprjzo,Vigenere,0.03619909502262444
othxrsactbrbfczbrhckadgsjmgkjnvhldxdueqcrakcmkaerkantcmoe,Vigenere,0.043233082706766915
acpvbhpvdbauukfjcaqjxhvfjhtodvxhefzjlfbzxnjkjixwq,Vigenere,0.04421768707482993
hbyxqkqvxcaaptehhdueopzkdbiptrxtiruadzkhzkythlpvhkhdiwtz,Vigenere,0.048701298701298704
qcobldrclnmvqvxfsthyqeugxfnwsfqtxawibmijbkiosnmsqtbaoh,Vigenere,0.03424178895877009
aovbbvyadlltdeuimhwrcehttujrhaaaxgguvxujsbpejnrcwqlmdlz,Vigenere,0.03434343434343434
ykmdamxwyngulcuidkranuksszvjhlvtfembfirqdycsozqcrljrlmdjc,Vigenere,0.03258145363408521
fdwyjtqnbrnjwkqwujqjxgiywahakvmgtquxhpvoelcovtqsgubqzvhl,Vigenere,0.03441558441558441
oewnpmuyiwrabjvatemnjitnppqrwbruuwmjkjvppsmnavjtplrw,Vigenere,0.05128205128205128
ybpejwjiqynkayynqynmeyjdtfownvqihjjsicefjpwcpemykgten,Vigenere,0.05297532656023222
kdelncgpebzyctxswvgehqncwhqcnbtlyzzjshbdjmfeiroyg,Vigenere,0.031462585034013606
lpuqaxdxuisbsgctqpvsyqclrpvldnyjviztrxuivtdddm,Vigenere,0.04154589371980676
gnjqndonpfdcdjdepagxuuijhbacdchddbewwjppxcpfefa,Vigenere,0.056429232192414434
rvagrmumahyvariujchkqaxlhgybrehlbzrmtjmxylwgbeojyezvc,Vigenere,0.040638606676342524
mmgvjcawdurreyuufnjfvtpkvlmimhseqerygwgcwjedsgalzlmb,Vigenere,0.03469079939668175
jsvlaqzjehmvozdjvazcnibktkzxzyijwteyjvcplmzdtpijvtydn,Vigenere,0.045718432510885344
jktypuuzxzwbxhbgatjktepzudarzvefzksirrjzpvthmvdaugiu,Vigenere,0.042232277526395176
xxidfkrcrhmgezkmbywfpgefomxnnsevlqfixysvmhmfawhyxlxpmf,Vigenere,0.04472396925227114
quesabaxkwgcvhfwvoqgkmiggvvlhzmchdlwpghtmhsuwbjibjmcgk,Vigenere,0.04122990915443746
bcoqaumactmqjmuipy,Vigenere,0.0457516339869281
rfjmbcpeqeyknkmjogkdvpfjnatlmxmybyzwjgykpbripywstzj,Vigenere,0.038431372549019606
fmqdsoaijskinqpdjqwyqpajbfibdqkpfmtlnujptcmrzqzotnm,Vigenere,0.042352941176470586
dvsbnkwgwxlsodcstwnamsfcjsbzhbkwzxacrcpaykcumlshrvogw,Vigenere,0.03991291727140784
qrvrlqbvribsrktubnbfoaidbvtubaxfkbcnxltuyjckhrkxbeog,Vigenere,0.048265460030165915
skxissedonmuvmeeifxisrtiywitgisecgisvatjwfwuctlvbjsmriiic,Vigenere,0.06015037593984962
mupwyszlhywfmjtuworviuykpsqyydiydzkkrktpjxmuibjayptnjb,Vigenere,0.04332634521313766
bsmmrcazaoqauozvutyabstrzeysnlwldpdauouzzegmaybfrufl,Vigenere,0.04524886877828054
ybsntjrtrpraslouvksrhpjcwjvlbzhqqcyoknijocuvpcrrilhczwb,Vigenere,0.04107744107744108
iwtrjbsogeaumxkexitijwygdgczqjjrnhxirfhshjegcffvwdjxb,Vigenere,0.038461538461538464
rkrubrssmvzkujxrizxorqvfbrkrffvkhiotissqpjoocybguygqo,Vigenere,0.047895500725689405
dxgvuddmrhebculbgfpmdrayanyddkkqytsobenfrwuekofccmyn,Vigenere,0.038461538461538464
dhdubuebjxrpgfpshvjxdjcdgokypemwjefgabwzzjpklvvjvftorna,Vigenere,0.03636363636363636
xjgunwdexbbqukgviucnuhlsujbwdnqzvbdbrogyevgncigdfisenef,Vigenere,0.04377104377104377
wwmugnutwvvhyomwqqjcfjfjtxqpphfqqikqqdupikpfynuajij,Vigenere,0.050980392156862744
jlxsuhgmtwuyvqcupmwigskcoonpbmbkionjjsthjtrjokmovqhkrck,Vigenere,0.04040404040404041
mxwwbuynrapredalguypgmtqfupmmtdrifszgjntvvmxojljxfnw,Vigenere,0.033936651583710405
eamrjkaozselkzyxxxkdgadaqgjwvhnxgaygifziykqiftkkugaxitpp,Vigenere,0.044805194805194806
jsyyheyqjbcsueqlzuejcbwoqgdkeordkunmbpuhryijlwsqwzmbpelc,Vigenere,0.03896103896103896
fmvtiwsdnexvsfxanmxrgpbxsinexomybznhdlbgbnhqnetaeupvtx,Vigenere,0.04262753319357093
rcsxdtfephmrvmvhwfruyzxqhzptfgkxuujkbifhpglgzadvqffh,Vigenere,0.038461538461538464
xkydlraykvkptdabhpvztjmadofpwzbdqmlrwjglfoqsglwbypyaknmxy,Vigenere,0.03696741854636591
rwvcmwiowikvaafxjiwjiztewjkduaikyfghqybvhwrabdbcfahmgobvj,Vigenere,0.043233082706766915
susbdrhudvvhzaaxqfldsvsmebwgotexwblxljwxdhmukebxmklxym,Vigenere,0.04332634521313766
vrrfnflhdficgzmxnkijreierkpjyzqjwligbfarwaqcusdzxrglbl,Vigenere,0.0363382250174703
poerqlclueqygmrbjipryfyqrcnmioyyljywyznrwzblvpeqnsgnai,Vigenere,0.04612159329140461
kpawyhysjmsyycjsvehfquyavuczdqxkwpbrcftkajpcoasweisdeiy,Vigenere,0.03973063973063973
fkbgkvflimrorilluxffgrczmrdunilwqbhbzcdxhxltdibkeevfkjrkqd,Vigenere,0.04234724742891712
hkhgfpgjjwsnhsmpzsubtxdiimcztpbowdnjahgvqbwemsehrxelkbkfjn,Vigenere,0.03327283726557774
poyvjinbucmzyymgvepdicmyjcpokfnkibjmnmdjlpzbcymmnhcz,Vigenere,0.05429864253393665
fhbhptruapfqeptgzxaeggitbqzqjdrwmnaupwasemqmufkqfkfcfuohe,Vigenere,0.041353383458646614
gdnbcdrbvhcalhwcwtezhcznbrjvidkvnefcgaddow,Vigenere,0.04645760743321719
xschopingjhbcevordttepxtretdqppddpyiocxtrpetklmcwk,Vigenere,0.04897959183673469
ntktxsfyzynxjrlgmdlofzugyxelxbcbcunbsxtuhnvropnnclgeqx,Vigenere,0.041928721174004195
oboqzmmiaiamebjivfsbsiamxxnzqqojwvizotebpafqypqxooavbtp,Vigenere,0.052525252525252523
mpywbmnovevznpvnypkdxkncffzcftfivglpctxzervmmvnmvzmka,Vigenere,0.05370101596516691
lfmpyqkbwbjqktmdnumfwukmeylyyqwglnffdlwwntxrpeirnpvikgkc,Vigenere,0.04155844155844156
xpagxpnhrstuxzridfetdbzeithbwodtoblygshseoyqiyzgdcwhxxeu,Vigenere,0.03831168831168831
nsesvvyprfngipmbeatsimutvyamrfphiuyqleagrozwyxruksewvtp,Vigenere,0.037037037037037035
mjzgjlpxlepyctmsolynahlytsauyqzwsqbysfkfyyyryfwlzkagii,Vigenere,0.04891684136967156
akazgriwpdambrjzospwdhgculndrzvgddjamhjsxdahjwgkurowgkt,Vigenere,0.04511784511784512
rweuwxwjtcnwffplqxixnhhswcmriescgwh,Vigenere,0.05042016806722689
rrbkvrbvcvpjcpbubtxildervpniiunlnnvyyiqoezoazffc,Vigenere,0.041666666666666664
xrnceznzghnwedzgmxnqjphsceagndbxqfmchhxqexvqdcadfndnm,Vigenere,0.055152394775036286
wlkvovtdygyacppterhjupdrcbczgdrvigppzevyqzypejwpfztgy,Vigenere,0.047895500725689405
wswdeigiwdyksmvsjunidpavcxshevjsryjlsmwiimxllmhu,Vigenere,0.047872340425531915
xefyiqvfdzgzqdcljfypqkuivqppymhkkkikvurpvsdxywydddvkrcvb,Vigenere,0.05064935064935065
wwfwlskwiffmocktoheeoecxvhdkhajjxaoschgmuuscdslhgxdmrfe,Vigenere,0.04242424242424243
tfuihkoegjvwjwbmpkuiwwxmmvzedorhmziitspxxprehkltdbnx,Vigenere,0.03544494720965309
thnfmvkdwsllshldaaodhlhdzutmzhamhdzthmzuabcvuuht,Vigenere,0.0673758865248227
vwtptppsnkmkebuiexixkzziizpxydvvzuaswqnhpqgfviwejhqq,Vigenere,0.04147812971342383
lkziguhsrspkkgqyniwfmtzdiiznkcokmkpyguqupukzzyxuw,Vigenere,0.05187074829931973
ilrarzcmmyozveredkrvpeih,Vigenere,0.04710144927536232
